{"cameraMode":{"drawMode":0,"name":"Shaded","section":"Shading Mode"},"sceneLighting":true,"audioPlay":false,"sceneViewState":{"showFog":true,"showMaterialUpdate":false,"showSkybox":true,"showFlares":true,"showImageEffects":true,"showParticleSystems":true},"in2DMode":false,"pivot":{"x":-9.106840133666993,"y":-6.579848289489746,"z":4.84025764465332},"rotation":{"x":-0.1851181983947754,"y":-0.03478347882628441,"z":0.006556603126227856,"w":-0.9820805191993713},"size":14.651571273803711,"orthographic":false}